Año,Total_Energia_Electrica_GWh
2000,200424
2001,210135
2002,216732
2003,225019
2004,232205
2005,242846
2006,253412
2007,258185
2008,264102
2009,262219
2010,271417
2011,281594
2012,282768
2013,283420
2014,286016
2015,288682
2016,299117
2017,306989
2018,315060
2019,318105
2020,304213
2021,311847
2022,323498
2023,329170
